{"cameraMode":{"drawMode":0,"name":"Shaded","section":"Shading Mode"},"sceneLighting":true,"audioPlay":false,"sceneViewState":{"showFog":true,"showMaterialUpdate":true,"showSkybox":true,"showFlares":true,"showImageEffects":true,"showParticleSystems":true},"in2DMode":false,"pivot":{"x":0.3846152722835541,"y":0.5463390350341797,"z":0.16562962532043458},"rotation":{"x":-0.13993825018405915,"y":0.8391453623771668,"z":-0.2557302415370941,"w":-0.45918935537338259},"size":17.62355613708496,"orthographic":false}