{"cameraMode":{"drawMode":0,"name":"Shaded","section":"Shading Mode"},"sceneLighting":true,"audioPlay":false,"sceneViewState":{"showFog":true,"showMaterialUpdate":true,"showSkybox":true,"showFlares":true,"showImageEffects":true,"showParticleSystems":true},"in2DMode":false,"pivot":{"x":-7.218520641326904,"y":3.516665458679199,"z":-0.1995885670185089},"rotation":{"x":-0.017382802441716195,"y":0.9819474220275879,"z":-0.15022483468055726,"w":-0.11362259835004807},"size":44.663612365722659,"orthographic":false}