{"cameraMode":{"drawMode":0,"name":"Shaded","section":"Shading Mode"},"sceneLighting":true,"audioPlay":false,"sceneViewState":{"showFog":false,"showMaterialUpdate":false,"showSkybox":false,"showFlares":false,"showImageEffects":true,"showParticleSystems":true},"in2DMode":false,"pivot":{"x":-2.868014097213745,"y":-0.4729970693588257,"z":0.589767575263977},"rotation":{"x":0.10372494161128998,"y":0.8194684982299805,"z":-0.1570136994123459,"w":0.5413531064987183},"size":35.328487396240237,"orthographic":false}