{"cameraMode":{"drawMode":0,"name":"Shaded","section":"Shading Mode"},"sceneLighting":true,"audioPlay":false,"sceneViewState":{"showFog":false,"showMaterialUpdate":false,"showSkybox":false,"showFlares":false,"showImageEffects":true,"showParticleSystems":true},"in2DMode":false,"pivot":{"x":-2.868014097213745,"y":-0.4729970693588257,"z":0.589767575263977},"rotation":{"x":0.15955910086631776,"y":0.7102470993995667,"z":-0.1706586629152298,"w":0.6640580892562866},"size":35.328487396240237,"orthographic":false}