{"cameraMode":{"drawMode":0,"name":"Shaded","section":"Shading Mode"},"sceneLighting":true,"audioPlay":false,"sceneViewState":{"showFog":true,"showMaterialUpdate":true,"showSkybox":true,"showFlares":true,"showImageEffects":true,"showParticleSystems":true},"in2DMode":false,"pivot":{"x":101.7999267578125,"y":74.89999389648438,"z":0.0},"rotation":{"x":-0.11995211243629456,"y":0.033348117023706439,"z":-0.004031593911349773,"w":-0.992212176322937},"size":306.9177551269531,"orthographic":false}