{"cameraMode":{"drawMode":0,"name":"Shaded","section":"Shading Mode"},"sceneLighting":true,"audioPlay":false,"sceneViewState":{"showFog":true,"showMaterialUpdate":true,"showSkybox":true,"showFlares":true,"showImageEffects":true,"showParticleSystems":true},"in2DMode":false,"pivot":{"x":-16.64229393005371,"y":5.035333156585693,"z":-11.073432922363282},"rotation":{"x":-0.2428598701953888,"y":0.31508418917655947,"z":-0.0837552398443222,"w":-0.9136332273483276},"size":90.15885162353516,"orthographic":false}