{"cameraMode":{"drawMode":0,"name":"Shaded","section":"Shading Mode"},"sceneLighting":true,"audioPlay":false,"sceneViewState":{"showFog":true,"showMaterialUpdate":true,"showSkybox":true,"showFlares":true,"showImageEffects":true,"showParticleSystems":true},"in2DMode":false,"pivot":{"x":6.850124359130859,"y":0.1411169469356537,"z":-2.069823741912842},"rotation":{"x":-0.18464890122413636,"y":0.7606172561645508,"z":-0.2455851435661316,"w":-0.5718881487846375},"size":72.48247528076172,"orthographic":false}