{"cameraMode":{"drawMode":0,"name":"Shaded","section":"Shading Mode"},"sceneLighting":true,"audioPlay":false,"sceneViewState":{"showFog":false,"showMaterialUpdate":false,"showSkybox":false,"showFlares":false,"showImageEffects":true,"showParticleSystems":true},"in2DMode":false,"pivot":{"x":-1.1578466892242432,"y":-0.6952438354492188,"z":-1.7658405303955079},"rotation":{"x":0.0732560083270073,"y":0.4628447890281677,"z":-0.038410741835832599,"w":0.8825772404670715},"size":16.958812713623048,"orthographic":false}